<?xml version="1.0" encoding="UTF-8"?>
<root>
    <patchList qisVersion="(QIS_VERSION_16)" h1Version="(HISinOne_VERSION_05)" tomcatRestart="true" patchName="patch_hisinone_release0501_2013-12-4-13-0-41-45_b80Wj">
        <patch modul="HISinOne">Hotfix 5.0.1.1</patch>
        <patch modul="HISinOne">Hotfix 5.0.1.2</patch>
        <patch modul="HISinOne">Hotfix 5.0.1.3</patch>
        <patch modul="HISinOne">Hotfix 5.0.1.4</patch>
        <patch modul="HISinOne">Hotfix 5.0.1.5</patch>
        <patch modul="HISinOne">Hotfix 5.0.1.6</patch>
    </patchList>
</root>

