<?xml version="1.0" encoding="UTF-8"?>
<flow xmlns="http://www.springframework.org/schema/webflow"
	xmlns:xsi="http://www.w3.org/2001/XMLSchema-instance"
	xsi:schemaLocation="http://www.springframework.org/schema/webflow
        http://www.springframework.org/schema/webflow/spring-webflow-2.0.xsd"
	parent="onlineapplication-super-flow" start-state="init">

	<attribute name="SUBFLOW_ONLY" />    
    <secured attributes="RIGHT_CM_APP_APPLICATION_OPEN_APPLICATION" /> 
    
    <input name="personId" value="flowScope.personId" required="true" />
	<input name="applicant" value="flowScope.applicant" required="true" />
	<input name="applicationId" value="flowScope.applicationId" />
	<input name="application" value="flowScope.application" />
	<input name="applicationTerm" value="flowScope.applicationTerm" required="true"/>
	<input name="request_in_process_id" value="flowScope.request_in_process_id" required="false" />
    <input name="eAddresses" value="flowScope.eAddresses" />
    <input name="postaddresses" value="flowScope.postaddresses" />
    <input name="phones" value="flowScope.phones" />
    <input name="mobiles" value="flowScope.mobiles" />
    <input name="firstRequest" value="flowScope.firstRequest" required="false" />
    <input name="fieldOfStudyEditable" value="flowScope.fieldOfStudyEditable" required="true" />
    <input name="preselectedCourseOfStudyId" value="flowScope.preselectedCourseOfStudyId" required="false" />
    <input name="preselectedStudySemester" value="flowScope.preselectedStudySemester" required="false" />
    <input name="requestDtos" value="flowScope.requestDtos" />
    
	
	 <decision-state id="init">
        <if test="flowScope.fieldOfStudyEditable"
            then="fieldOfStudy-init"
            else="applicationOrEnd" />
    </decision-state>
	
	
	<action-state id="fieldOfStudy-init">
		<on-entry>
			<!-- set the available terms -->
			<evaluate expression="fieldOfStudyController.setAvailableTerms(termService.getOnlineApplicationTerms())" />
			
            <!-- Die Personendaten auf der rechten Seite sollen nicht bearbeitbar sein -->
            <set name="flowScope.persondatainfoEditable" value="'noEdit'" />
		</on-entry>
		<!-- init the fieldOfStudyController -->
		<evaluate expression="fieldOfStudyController.initData(request_in_process_id, applicationTerm, 'Studium')" />
		<transition to="fieldOfStudy-view" />
	</action-state>

    <!--
       ******************** FieldOfStudy / Studiengänge ********************
    -->
    
   

	<view-state id="fieldOfStudy-view" view="pages/onlineapplication-fieldOfStudy.xhtml">
		<transition on="next" to="saveFieldOfStudy" history="invalidate" />
		<transition on="back" to="end" history="invalidate" />
	</view-state>

    <!-- Speichern -->
	<action-state id="saveFieldOfStudy">
		<evaluate expression="fieldOfStudyController.save" />
		<transition on="success" to="updateInitialStatus" />
		<transition on="failure" to="fieldOfStudy-view" />
	</action-state>
	
	<action-state id="updateInitialStatus">
	   <evaluate expression="fieldOfStudyController.updateInitialStatus" />
       <transition on="success" to="applicationOrEnd" />
       <transition on="failure" to="fieldOfStudy-view" />
	</action-state>

	<decision-state id="applicationOrEnd">
        <if test="onlineApplicationRequestWizardController.isWizardRequired()"
            then="additionalAdmission"
            else="controlpageOrExit" />
    </decision-state>
    
    <!--
       ******************** AdditionalAdmission / Härtefäle, bevorzugte Zulassung ********************
    -->
	
    <decision-state id="additionalAdmission">
        <if test="onlineApplicationRequestWizardController.isAdditionalAdmissionEnabled()"
            then="additionalAdmission-subflow"
            else="entranceQualification" />
    </decision-state>
    
    <subflow-state id="additionalAdmission-subflow" subflow="onlineapplication-additionalAdmission-flow">
        <input name="personId" value="flowScope.personId" type="java.lang.Long" required="true"/>
        <input name="applicant" value="flowScope.applicant" type="de.his.appserver.service.dto.gen.iface.ApplicantDto" required="true"/>
        <input name="applicationId" value="flowScope.applicationId" type="java.lang.Long"/>
        <input name="application" value="flowScope.application" type="de.his.appserver.service.dto.gen.iface.ApplicationDto" />
        <input name="applicationTerm" value="flowScope.applicationTerm" type="de.his.appserver.service.dto.iface.common.TermDto" />
        <input name="request_in_process_id" value="flowScope.request_in_process_id" type="java.lang.Long" required="true"/>
        <input name="eAddresses" value="flowScope.eAddresses" />
        <input name="mobiles" value="flowScope.mobiles" />
    	<input name="phones" value="flowScope.phones" />
        <input name="postaddresses" value="flowScope.postaddresses" />
        <transition on="cancel" to="end" />
        <transition to="entranceQualification" />
    </subflow-state>
    
    <!--
       ******************** EntranceQualification / HZB ********************
    -->
	
    <decision-state id="entranceQualification">
        <if test="onlineApplicationRequestWizardController.isEntranceQualificationEnabled()"
            then="entranceQualificationAddOrAssign"
            else="selectionCriteria" />
    </decision-state>
    
	<!-- Wenn noch keine HZB eingegeben, gleich zur Eingabe-Maske -->
    <decision-state id="entranceQualificationAddOrAssign">
        <on-entry>
            <!-- Alle bisherigen HZBs laden -->
            <evaluate expression="entranceQualificationService.search(flowScope.personId, flowScope.application.id, false)" result="flowScope.availableEntranceQualification" />
        </on-entry>
        <if test="flowScope.availableEntranceQualification.size() == 0"
            then="doAddEntranceQualification"
            else="assignEntranceQualification" />
    </decision-state>
    
    <!-- Wenn nur eine HZB eingegeben, diese übernehmen -->
    <decision-state id="assignEntranceQualification">
        <on-entry>
            <!-- Alle bisherigen HZBs laden -->
            <evaluate expression="entranceQualificationService.search(flowScope.personId, flowScope.application.id, false)" result="flowScope.availableEntranceQualification" />
        </on-entry>
        <if test="flowScope.availableEntranceQualification.size() == 1"
            then="doAssignOneEntranceQualification"
            else="ignoreSelectEntranceQualification" />
    </decision-state>
    
    <!-- Es gibt nur eine HZB, diese soll direkt (ohne Auswahl) übernommen werden -->
    <action-state id="doAssignOneEntranceQualification">
        <evaluate expression="fieldOfStudyController.assignSingleHZB" />
        <transition to="ignoreSelectEntranceQualification" />
    </action-state>
    
    <!-- wenn cm.app.application.singel_entrande_qualification=true, wird die Seite zur HZB-Zuordnung übersprungen, das nur eine HZB vorhanden ist, wird diese automatisch zugeordnet -->
    <decision-state id="ignoreSelectEntranceQualification">
        <if test="onlineApplicationRequestWizardController.isSingleEntranceQualification() and !(flowScope.availableEntranceQualification.size() gt 1)"
            then="saveHZB"
            else="selectEntranceQualification" />
    </decision-state>
    
	<!-- HZB auswählen -->
	<view-state id="selectEntranceQualification" view="pages/onlineapplication-selectHZB.xhtml">
        <on-entry>
            <!-- den aktuell ausgewählten request laden -->
            <evaluate expression="requestgroupsService.loadRequest(flowScope.request_in_process_id)" result="flowScope.editRequestDto" />
            
            <!-- den aktuell ausgewählten request aus der id und den requestSubjects ermitteln -->
            <evaluate expression="fieldOfStudyController.loadEntrancequalification()" />
            
        </on-entry>
        <transition on="addEntranceQualification" to="doAddEntranceQualification" />
        <transition on="next" to="saveHZB" history="invalidate" />
        <transition on="back" to="end" history="invalidate" />
    </view-state>
	
	<!-- HZB speichern -->
    <action-state id="saveHZB">
        <evaluate expression="fieldOfStudyController.saveHZB" />
        <transition on="success" to="selectionCriteria" />
        <transition on="failure" to="entranceQualificationAddOrAssign" />
    </action-state>
    
	<!-- Neue HZB eingeben -->
    <subflow-state id="doAddEntranceQualification" subflow="onlineapplication-entrancequalification-flow">
        <input name="personId" value="flowScope.personId" />
        <input name="applicant" value="flowScope.applicant" />
        <input name="applicationId" value="flowScope.applicationId" />
        <input name="application" value="flowScope.application" />
        <input name="applicationTerm" value="flowScope.applicationTerm" />
        <input name="eAddresses" value="flowScope.eAddresses" />
        <input name="postaddresses" value="flowScope.postaddresses" />
        <input name="mobiles" value="flowScope.mobiles" />
    	<input name="phones" value="flowScope.phones" />
        <output name="hzbid" value="requestScope.hzbid" />
        <transition on="cancel" to="selectEntranceQualification" />
        <transition to="assignEntranceQualification">
        	<evaluate expression="fieldOfStudyController.assignHZB(requestScope.hzbid)" />
        </transition>
    </subflow-state>
    
    <!--
       ******************** SelectionCriteria / Hochschuleigene Auswahlkriterien ********************
    -->
    
    <decision-state id="selectionCriteria">
    	<on-entry>
    		<set name="flowScope.application" value="appApplicationService.findApplicationById(flowScope.applicationId)" />
    		<evaluate expression="selectionCriteriaTreeController.reinit()" />
    		<evaluate expression="onlineApplicationSelectionCriteriaController.initialize()" />
    	</on-entry>
        <if test="onlineApplicationRequestWizardController.isSelectionCriteriaEnabled()"
            then="selectionCriteria-subflow"
            else="career" />
    </decision-state>
    
    <subflow-state id="selectionCriteria-subflow" subflow="onlineapplication-selectioncriteria-flow">
        <input name="personId" value="flowScope.personId" />
        <input name="applicant" value="flowScope.applicant" />
        <input name="applicationId" value="flowScope.applicationId" />
        <input name="application" value="flowScope.application" />
        <input name="applicationTerm" value="flowScope.applicationTerm" />
        <input name="eAddresses" value="flowScope.eAddresses" />
        <input name="mobiles" value="flowScope.mobiles" />
    	<input name="phones" value="flowScope.phones" />
        <input name="postaddresses" value="flowScope.postaddresses" />
        <input name="request_in_process_id" value="flowScope.request_in_process_id" />
        <transition on="cancel" to="end" />
        <transition to="career" />
    </subflow-state>

    <!--
       ******************** Career / Bisherige Laufbahn ********************
    -->

    <decision-state id="career">
        <if test="onlineApplicationRequestWizardController.isCareerEnabled()"
            then="career-subflow"
            else="simpleCustomUnit" />
    </decision-state>

    <subflow-state id="career-subflow" subflow="onlineapplication-career-flow">
        <input name="personId" value="flowScope.personId" />
        <input name="applicant" value="flowScope.applicant" />
        <input name="applicationId" value="flowScope.applicationId" />
        <input name="application" value="flowScope.application" />
        <input name="applicationTerm" value="flowScope.applicationTerm" />
        <input name="application" value="flowScope.application" />
        <input name="eAddresses" value="flowScope.eAddresses" />
        <input name="postaddresses" value="flowScope.postaddresses" />
        <input name="phones" value="flowScope.phones" />
    	<input name="mobiles" value="flowScope.mobiles" />
        <input name="request_in_process_id" value="flowScope.request_in_process_id" />
        <transition on="cancel" to="end" />
        <transition to="simpleCustomUnit" />
    </subflow-state>
    
    <!--
       ******************** SimpleCustomUnit / Weitere Angaben ********************
    -->
    
    <decision-state id="simpleCustomUnit">
    	<on-entry>
    		<evaluate expression="additionalApplicationDataService.allAdditionalApplicationDataOfApplication(applicationId)" result="flowScope.additionalApplicationDataList" />
    	</on-entry>
        <if test="onlineApplicationRequestWizardController.isSimpleCustomUnitEnabled()"
            then="simpleCustomUnit-subflow"
            else="applicationContent-subflow" />
    </decision-state>
    
    <subflow-state id="simpleCustomUnit-subflow" subflow="onlineapplication-simplecustomunit-flow">
        <input name="personId" value="flowScope.personId" />
        <input name="applicant" value="flowScope.applicant" />
        <input name="applicationId" value="flowScope.applicationId" />
        <input name="applicationTerm" value="flowScope.applicationTerm" />
        <input name="eAddresses" value="flowScope.eAddresses" />
        <input name="postaddresses" value="flowScope.postaddresses" />
        <input name="mobiles" value="flowScope.mobiles" />
    	<input name="phones" value="flowScope.phones" />
        <input name="request_in_process_id" value="flowScope.request_in_process_id" />
        <input name="additionalApplicationData" value="flowScope.additionalApplicationDataList" required="true" />
        <transition on="cancel" to="end" />
        <transition to="applicationContent-subflow" />
    </subflow-state>

    <!--
       ******************** Bewerbungsinhalte ********************
    -->
    
    <!-- Subflow zur Erfassung von Bewerbungsbestandteilen -->
    <subflow-state id="applicationContent-subflow" subflow="onlineapplication-applicationContent-flow">
        <input name="personId" value="flowScope.personId" />
        <input name="applicant" value="flowScope.applicant" />
        <input name="applicationId" value="flowScope.applicationId" />
        <input name="applicationTerm" value="flowScope.applicationTerm" />
        <input name="eAddresses" value="flowScope.eAddresses" />
        <input name="postaddresses" value="flowScope.postaddresses" />
        <input name="mobiles" value="flowScope.mobiles" />
    	<input name="phones" value="flowScope.phones" />
        <input name="request_in_process_id" value="flowScope.request_in_process_id" />
        <input name="request_subject_id" value="flowScope.requestSubjectId" />
        <transition on="cancel" to="end" />
        <transition to="controlpageOrExit" />
    </subflow-state>
    
    <!--
       ******************** Controlpage and Submit Request ********************
    -->

    <decision-state id="controlpageOrExit">
        <if test="onlineApplicationRequestWizardController.isAutoRelease()"
            then="controlpage"
            else="end" />
    </decision-state>
    
    <subflow-state id="controlpage" subflow="onlineapplication-controlpage-flow">
        <input name="personId" value="flowScope.personId" />
        <input name="applicationId" value="flowScope.applicationId" />
        <input name="applicationTerm" value="flowScope.applicationTerm" />
        <input name="eAddresses" value="flowScope.eAddresses" />
        <input name="postaddresses" value="flowScope.postaddresses" />
        <input name="mobiles" value="flowScope.mobiles" />
    	<input name="phones" value="flowScope.phones" />
        <input name="request_in_process_id" value="flowScope.request_in_process_id" />
        <transition to="end" />
    </subflow-state>

    <!--
       ******************** End ********************
    -->

	<end-state id="end" />

</flow>
