<?xml version="1.0" encoding="UTF-8"?>
<flow xmlns="http://www.springframework.org/schema/webflow"
    xmlns:xsi="http://www.w3.org/2001/XMLSchema-instance"
    xsi:schemaLocation="http://www.springframework.org/schema/webflow
        http://www.springframework.org/schema/webflow/spring-webflow-2.0.xsd"
    parent="onlineapplication-super-flow"
    start-state="init">

    <attribute name="SUBFLOW_ONLY" />    
    <secured attributes="RIGHT_CM_APP_APPLICATION_OPEN_APPLICATION" />

    <input name="personId" value="flowScope.personId" required="true" />
    <input name="applicant" value="flowScope.applicant" required="true" />
    <input name="applicationId" value="flowScope.applicationId" required="true" />
    <input name="applicationTerm" value="flowScope.applicationTerm" />
    <input name="eAddresses" value="flowScope.eAddresses" />
    <input name="postaddresses" value="flowScope.postaddresses" />
    <input name="request_in_process_id" value="flowScope.request_in_process_id" />
    <input name="phones" value="flowScope.phones" />
    <input name="mobiles" value="flowScope.mobiles" />
    <input name="applicationContentId" value="flowScope.passedApplicationContentId" type="java.lang.Long" />
    
    <action-state id="init">
    	<on-entry>
    		<evaluate expression="requestgroupsService.searchRequest(request_in_process_id)" result="flowScope.requestDto" />
 	
 			<evaluate expression="applicationContentService.getApplicationContentAdmissionPackagesByRequestId(flowScope.request_in_process_id)" result="flowScope.applicationContentAdmissionPackages" />
 	
            <!-- Die Personendaten auf der rechten Seite sollen nicht bearbeitbar sein -->
            <set name="flowScope.persondatainfoEditable" value="'noEdit'" />
    	</on-entry>
   		<evaluate expression="applicationContentService.getApplicationContentsByRequestId(flowScope.request_in_process_id)" result="flowScope.applicationContentIds" />
    	<transition to="loadApplicationContentInputOrEnd" />
	    <on-exit>
	    	<set name="flowScope.numberOfRecords" value="flowScope.applicationContentIds.size()" type="java.lang.Integer" />
	    	<set name="flowScope.activeRecord" value="0" type="java.lang.Integer" />
	    	<set name="flowScope._applicationContentId" value="empty flowScope.passedApplicationContentId ? flowScope.applicationContentIds[flowScope.activeRecord] : flowScope.passedApplicationContentId" type="java.lang.Long" />
	    	<set name="flowScope.activeRecord" value="!empty flowScope.passedApplicationContentId ? applicationContentController.getIndexOfapplicationContentId(flowScope.applicationContentAdmissionPackages, flowScope.passedApplicationContentId) : flowScope.activeRecord" />
	    	<set name="flowScope.docType" value="'DOCUMENT'" />
	    </on-exit>
    </action-state>
    
    <!-- Gibt es ApplicationContents zum Anzeigen? Ansonsten direkt zum Ende -->
    <decision-state id="loadApplicationContentInputOrEnd">
    	<if test="flowScope.applicationContentIds.size() gt 0" 
    		then="loadApplicationContentInput"
    		else="end" />
    </decision-state>
    
    <!-- Überprüfen, ob der aktuelle Bewerbungsinhalt angezeigt werden soll -->
    <!-- Wenn nicht, den nächsten laden -->
    <!-- Ansonsten anzeigen -->
    <decision-state id="loadApplicationContentInput">
    	<on-entry>
    		<evaluate result="flowScope.applicationContentInputDtos" expression="applicationContentService.getApplicationContentInputDtosByRequestId(flowScope.request_in_process_id, flowScope._applicationContentId)" />
    	</on-entry>
        <if test="empty flowScope.applicationContentInputDtos"
            then="loadNextApplicationContentInput"
            else="main" />
    </decision-state>
    
    <!-- wenn es weitere Bewerbungsinhalte gibt, diese nacheinander anzeigen -->
    <decision-state id="loadNextApplicationContentInput">
    	<on-entry>
	    	<evaluate result="flowScope.activeRecord" expression="flowScope.activeRecord + 1" />
	    	<set name="flowScope._applicationContentId" value="flowScope.applicationContentIds[flowScope.activeRecord]" />
	    	<evaluate expression="coreUtil.logDebug('loadNextApplicationContentInput')" />
	    	<evaluate expression="coreUtil.logDebug(flowScope.passedApplicationContentId)" />
	    	<evaluate expression="coreUtil.logDebug(flowScope.activeRecord)" />
	    	<evaluate expression="coreUtil.logDebug(flowScope.numberOfRecords)" />
    	</on-entry>
    	<if test="!empty flowScope.passedApplicationContentId or (flowScope.activeRecord ge flowScope.numberOfRecords)"
            then="end"
            else="loadApplicationContentInput" />
    </decision-state>
    
    <!-- Übersichtsseite -->
    <view-state id="main" view="pages/onlineapplication-applicationContent.xhtml" parent="#exeptionHandlingViewViewState">
    	<on-entry>
    		<evaluate result="flowScope.isAnyRequestSubmitted" expression="applicationContentService.isAnyRequestSubmitted(flowScope.applicationContentInputDtos)" />
    		<evaluate result="flowScope.titlesOfAffectedCourses" expression="applicationContentService.getTitlesOfAffectedCourses(flowScope.applicationContentInputDtos)" />
    		<!-- Check for mandatory uploadFields and initialize them -->
    		<evaluate expression="applicationContentController.createMandatoryDocumentUpload()" />
    	</on-entry>
    	
    	<!-- Optionale Eingaben erzeugen -->
    	<transition on="createFieldInput">
    		<evaluate expression="applicationContentService.createFieldInputOnlineApplication(flowScope.applicationContentInputDto)" />
    	</transition>
    	
    	<!-- Optionale ApplicationContentInputFields löschen -->
    	<transition on="deleteOptionalApplicationContentInputFields">
    		<evaluate expression="onlineApplicationController.deleteApplicationContentInput(true)" />
    	</transition>
    	
    	<!-- Komplettes ApplicationContentInput löschen  -->
    	<transition on="deleteOptionalApplicationContentInput">
    		<evaluate expression="onlineApplicationController.deleteApplicationContentInput(false)" />
    	</transition>
    	
    	<!-- Ein weiteres applicationContentInputDto hinzufügen (wenn ApplicationContent.multiple = TRUE ist) -->
    	<transition on="addApplicationContentInput">
    		<evaluate expression="applicationContentService.createApplicationContentInput(flowScope._applicationContentId, flowScope.requestSubjectId, true)" result="requestScope.applicationContentInputDto" />
    		<evaluate expression="flowScope.applicationContentInputDtos.add(requestScope.applicationContentInputDto)" />
    	</transition>
    	
    	<!-- Ein neues Dokument hochladen -->
		<transition on="addDocument">
			<evaluate expression="applicationContentService.saveApplicationContentInputs(flowScope.applicationContentInputDtos)" />
			<evaluate expression="documentMetadataService.createDocumentMetadata(flowScope.documentTargetName, flowScope.documentTarget)" result="flowScope.documentMetadataDto" />
			<evaluate expression="flowScope.documentMetadatas.add(flowScope.documentMetadataDto)" />
		</transition>
		
    	<!-- Speichern -->
    	<transition on="save" to="loadNextApplicationContentInput" history="invalidate">
    		<evaluate expression="applicationContentService.saveApplicationContentInputs(flowScope.applicationContentInputDtos)" />
    	</transition>
    	
        <transition on="cancel" to="cancel" history="invalidate" />
        <transition on="back" to="cancel" history="invalidate" />
    </view-state>
    
    <end-state id="end" />
    <end-state id="cancel" />
        
</flow>
